danceability,energy,key,loudness,mode,speechiness,acousticness,instrumentalness,liveness,valence,tempo,type,id,uri,track_href,analysis_url,duration_ms,time_signature,name
0.654,0.871,2,-6.094,0,0.0543,0.574,0,0.0902,0.747,136.012,audio_features,0LJf8BKxv3FfsLDxPmcpYP,spotify:track:0LJf8BKxv3FfsLDxPmcpYP,https://api.spotify.com/v1/tracks/0LJf8BKxv3FfsLDxPmcpYP,https://api.spotify.com/v1/audio-analysis/0LJf8BKxv3FfsLDxPmcpYP,285093,4,星空のSpica,
0.373,0.881,2,-5.722,0,0.0483,0.00459,0,0.423,0.702,186.751,audio_features,0B6veGzy6V963S3if0GSRu,spotify:track:0B6veGzy6V963S3if0GSRu,https://api.spotify.com/v1/tracks/0B6veGzy6V963S3if0GSRu,https://api.spotify.com/v1/audio-analysis/0B6veGzy6V963S3if0GSRu,225907,4,Endless Story,
0.628,0.891,5,-3.777,1,0.0301,0.0626,1.09e-05,0.222,0.926,149.019,audio_features,76WQSQb3IUpm0Q4YiWRAG6,spotify:track:76WQSQb3IUpm0Q4YiWRAG6,https://api.spotify.com/v1/tracks/76WQSQb3IUpm0Q4YiWRAG6,https://api.spotify.com/v1/audio-analysis/76WQSQb3IUpm0Q4YiWRAG6,225800,4,PINK AQUARIUM,
0.697,0.545,2,-9.475,1,0.0546,0.193,0.00172,0.198,0.412,130.003,audio_features,10BvwtVszNg7d4tqVqW7HA,spotify:track:10BvwtVszNg7d4tqVqW7HA,https://api.spotify.com/v1/tracks/10BvwtVszNg7d4tqVqW7HA,https://api.spotify.com/v1/audio-analysis/10BvwtVszNg7d4tqVqW7HA,256160,4,in the Oak wood,
0.645,0.856,2,-5.676,1,0.071,0.273,3.39e-05,0.0499,0.92,100.013,audio_features,0jyLEj1903pD7zyLHiBMp3,spotify:track:0jyLEj1903pD7zyLHiBMp3,https://api.spotify.com/v1/tracks/0jyLEj1903pD7zyLHiBMp3,https://api.spotify.com/v1/audio-analysis/0jyLEj1903pD7zyLHiBMp3,233867,4,Non-Stopping Train,
0.601,0.848,2,-5.805,1,0.0256,0.003,0,0.207,0.653,139.914,audio_features,5JhQo4R6sv6EIhBH1FwLlB,spotify:track:5JhQo4R6sv6EIhBH1FwLlB,https://api.spotify.com/v1/tracks/5JhQo4R6sv6EIhBH1FwLlB,https://api.spotify.com/v1/audio-analysis/5JhQo4R6sv6EIhBH1FwLlB,288067,4,空の向こう側に,
0.706,0.874,2,-4.95,1,0.0338,0.0339,0.000291,0.107,0.593,118.027,audio_features,5ne271VkFa5hRCr7rDNH8b,spotify:track:5ne271VkFa5hRCr7rDNH8b,https://api.spotify.com/v1/tracks/5ne271VkFa5hRCr7rDNH8b,https://api.spotify.com/v1/audio-analysis/5ne271VkFa5hRCr7rDNH8b,275667,4,LUNATICA MARE,
0.747,0.678,4,-6.665,1,0.0263,0.0817,0.00048,0.145,0.857,118.953,audio_features,1RiJxYoCyxtb4ycGo8G9Yo,spotify:track:1RiJxYoCyxtb4ycGo8G9Yo,https://api.spotify.com/v1/tracks/1RiJxYoCyxtb4ycGo8G9Yo,https://api.spotify.com/v1/audio-analysis/1RiJxYoCyxtb4ycGo8G9Yo,293827,4,恋歌姫,
0.461,0.918,8,-2.713,1,0.0453,0.00387,0,0.395,0.58,91.493,audio_features,21YyyBmcsMvocTy8mMiuWa,spotify:track:21YyyBmcsMvocTy8mMiuWa,https://api.spotify.com/v1/tracks/21YyyBmcsMvocTy8mMiuWa,https://api.spotify.com/v1/audio-analysis/21YyyBmcsMvocTy8mMiuWa,279267,4,W:Wonder tale,
0.589,0.504,6,-9.034,1,0.0287,0.0662,0,0.114,0.368,95.011,audio_features,2ZnoSjbKGMDlSviiaJGMMv,spotify:track:2ZnoSjbKGMDlSviiaJGMMv,https://api.spotify.com/v1/tracks/2ZnoSjbKGMDlSviiaJGMMv,https://api.spotify.com/v1/audio-analysis/2ZnoSjbKGMDlSviiaJGMMv,253427,4,Cursed Lily,
0.45,0.889,9,-3.102,1,0.0862,0.00717,0.181,0.188,0.756,174.002,audio_features,1Kz8G6jcAzwX5GrQSFMY0Y,spotify:track:1Kz8G6jcAzwX5GrQSFMY0Y,https://api.spotify.com/v1/tracks/1Kz8G6jcAzwX5GrQSFMY0Y,https://api.spotify.com/v1/audio-analysis/1Kz8G6jcAzwX5GrQSFMY0Y,207987,4,スパークリング☆トラベラー,
0.348,0.328,5,-10.475,1,0.0341,0.675,6.25e-06,0.087,0.329,79.97,audio_features,4II7S7pTGrnnAs6xh9mTYO,spotify:track:4II7S7pTGrnnAs6xh9mTYO,https://api.spotify.com/v1/tracks/4II7S7pTGrnnAs6xh9mTYO,https://api.spotify.com/v1/audio-analysis/4II7S7pTGrnnAs6xh9mTYO,215240,4,YOURS EVER,
0.683,0.857,1,-3.583,1,0.0276,0.000886,0.0019,0.0745,0.576,109.978,audio_features,6BRaEETPML5JuSCBj8wGKA,spotify:track:6BRaEETPML5JuSCBj8wGKA,https://api.spotify.com/v1/tracks/6BRaEETPML5JuSCBj8wGKA,https://api.spotify.com/v1/audio-analysis/6BRaEETPML5JuSCBj8wGKA,226480,4,Passion Error,
0.297,0.142,0,-15.215,1,0.0325,0.993,0.00063,0.145,0.184,90.498,audio_features,61Tnkfdhbgo9rFm0ncvQeD,spotify:track:61Tnkfdhbgo9rFm0ncvQeD,https://api.spotify.com/v1/tracks/61Tnkfdhbgo9rFm0ncvQeD,https://api.spotify.com/v1/audio-analysis/61Tnkfdhbgo9rFm0ncvQeD,71707,3,Interlude 〜aria〜,
0.532,0.938,9,-4.058,0,0.0456,0.0662,1.45e-05,0.331,0.459,162.908,audio_features,6tlAuaRoiqZlBxXilTO6jR,spotify:track:6tlAuaRoiqZlBxXilTO6jR,https://api.spotify.com/v1/tracks/6tlAuaRoiqZlBxXilTO6jR,https://api.spotify.com/v1/audio-analysis/6tlAuaRoiqZlBxXilTO6jR,208507,4,恋のタイムマシン,
0.5,0.941,6,-3.239,1,0.0513,0.0564,0,0.213,0.84,169.934,audio_features,58jAyDEAMK8Zhll4aGFhgL,spotify:track:58jAyDEAMK8Zhll4aGFhgL,https://api.spotify.com/v1/tracks/58jAyDEAMK8Zhll4aGFhgL,https://api.spotify.com/v1/audio-analysis/58jAyDEAMK8Zhll4aGFhgL,244147,3,おしえてA to Z,
0.731,0.553,8,-10.014,1,0.0276,0.398,0.000148,0.0809,0.747,165.739,audio_features,4ZpPR2XnRyGamHq7W3ip7C,spotify:track:4ZpPR2XnRyGamHq7W3ip7C,https://api.spotify.com/v1/tracks/4ZpPR2XnRyGamHq7W3ip7C,https://api.spotify.com/v1/audio-analysis/4ZpPR2XnRyGamHq7W3ip7C,341093,4,つぼみのままで,
0.715,0.875,8,-5.226,1,0.0329,0.148,4.98e-06,0.111,0.908,106.989,audio_features,4ZOuBqwEILkfqVetntxsD6,spotify:track:4ZOuBqwEILkfqVetntxsD6,https://api.spotify.com/v1/tracks/4ZOuBqwEILkfqVetntxsD6,https://api.spotify.com/v1/audio-analysis/4ZOuBqwEILkfqVetntxsD6,296880,4,神様Rescue Me!!,
0.64,0.852,1,-5.0,1,0.0236,0.129,0,0.319,0.901,108.028,audio_features,1OAh84VVxUuMQBk9brbRw7,spotify:track:1OAh84VVxUuMQBk9brbRw7,https://api.spotify.com/v1/tracks/1OAh84VVxUuMQBk9brbRw7,https://api.spotify.com/v1/audio-analysis/1OAh84VVxUuMQBk9brbRw7,291387,4,まだ好きでいさせて,
0.731,0.751,1,-7.934,1,0.0259,0.118,4.53e-06,0.0888,0.935,130.057,audio_features,7jWulaZRoXkKqfyGwCusMg,spotify:track:7jWulaZRoXkKqfyGwCusMg,https://api.spotify.com/v1/tracks/7jWulaZRoXkKqfyGwCusMg,https://api.spotify.com/v1/audio-analysis/7jWulaZRoXkKqfyGwCusMg,245867,4,Melody,
0.556,0.829,6,-5.408,1,0.0679,0.134,0,0.421,0.875,169.989,audio_features,1lEDbcMIAPnT2HYjxpDy3t,spotify:track:1lEDbcMIAPnT2HYjxpDy3t,https://api.spotify.com/v1/tracks/1lEDbcMIAPnT2HYjxpDy3t,https://api.spotify.com/v1/audio-analysis/1lEDbcMIAPnT2HYjxpDy3t,235293,4,童話迷宮,
0.499,0.709,6,-5.863,1,0.056,0.0335,0,0.313,0.714,175.947,audio_features,6eOJBmoObjznVNhX881eFb,spotify:track:6eOJBmoObjznVNhX881eFb,https://api.spotify.com/v1/tracks/6eOJBmoObjznVNhX881eFb,https://api.spotify.com/v1/audio-analysis/6eOJBmoObjznVNhX881eFb,271760,4,Beautiful Amulet,
0.538,0.992,5,-1.879,1,0.175,0.0334,0,0.251,0.542,159.021,audio_features,5HsTLsz8Yxwinhf9n5eXbF,spotify:track:5HsTLsz8Yxwinhf9n5eXbF,https://api.spotify.com/v1/tracks/5HsTLsz8Yxwinhf9n5eXbF,https://api.spotify.com/v1/audio-analysis/5HsTLsz8Yxwinhf9n5eXbF,257373,4,好きだって言えなくて,
0.431,0.915,3,-5.068,1,0.057,0.00383,0,0.402,0.78,164.89,audio_features,5jzlZ6rOQEbxXquID3QE6u,spotify:track:5jzlZ6rOQEbxXquID3QE6u,https://api.spotify.com/v1/tracks/5jzlZ6rOQEbxXquID3QE6u,https://api.spotify.com/v1/audio-analysis/5jzlZ6rOQEbxXquID3QE6u,216267,4,Spring fever,
0.68,0.65,11,-6.992,0,0.0284,0.0182,0,0.518,0.546,133.02,audio_features,1xfYfnQpwrGyBovfrVVHri,spotify:track:1xfYfnQpwrGyBovfrVVHri,https://api.spotify.com/v1/tracks/1xfYfnQpwrGyBovfrVVHri,https://api.spotify.com/v1/audio-analysis/1xfYfnQpwrGyBovfrVVHri,283133,4,Kiss away ~幻の森~,
0.579,0.757,1,-6.502,1,0.0317,0.0145,0.000428,0.295,0.713,168.012,audio_features,00j5qrqhH2aH1iJR8ZEvIB,spotify:track:00j5qrqhH2aH1iJR8ZEvIB,https://api.spotify.com/v1/tracks/00j5qrqhH2aH1iJR8ZEvIB,https://api.spotify.com/v1/audio-analysis/00j5qrqhH2aH1iJR8ZEvIB,267560,4,眠れぬ夜につかまえて,
0.672,0.759,6,-7.533,1,0.0306,0.0385,0,0.111,0.748,129.952,audio_features,0mWnI0mc2TYVt29l2Ig03U,spotify:track:0mWnI0mc2TYVt29l2Ig03U,https://api.spotify.com/v1/tracks/0mWnI0mc2TYVt29l2Ig03U,https://api.spotify.com/v1/audio-analysis/0mWnI0mc2TYVt29l2Ig03U,272400,4,プレゼント,
0.614,0.538,1,-7.688,0,0.0251,0.101,0,0.292,0.45,101.831,audio_features,3ityik4FG41cVZBtkACLlC,spotify:track:3ityik4FG41cVZBtkACLlC,https://api.spotify.com/v1/tracks/3ityik4FG41cVZBtkACLlC,https://api.spotify.com/v1/audio-analysis/3ityik4FG41cVZBtkACLlC,218773,4,上海夜曲,
0.163,0.647,6,-6.028,1,0.0412,0.0868,0,0.107,0.42,74.15,audio_features,6g7LUp5GBpaCOOUlmdtxHP,spotify:track:6g7LUp5GBpaCOOUlmdtxHP,https://api.spotify.com/v1/tracks/6g7LUp5GBpaCOOUlmdtxHP,https://api.spotify.com/v1/audio-analysis/6g7LUp5GBpaCOOUlmdtxHP,282920,4,微笑みのプルマージュ,
0.653,0.206,1,-15.677,1,0.0403,0.183,0.884,0.0591,0.281,119.978,audio_features,2AUrUz6W4OfxSLogp4wCJJ,spotify:track:2AUrUz6W4OfxSLogp4wCJJ,https://api.spotify.com/v1/tracks/2AUrUz6W4OfxSLogp4wCJJ,https://api.spotify.com/v1/audio-analysis/2AUrUz6W4OfxSLogp4wCJJ,111307,4,Finale~Sweet full moon~,
0.67,0.448,11,-10.483,1,0.0275,0.649,5.67e-05,0.112,0.532,123.869,audio_features,478CKqEP4lsMwWhRRA9Tux,spotify:track:478CKqEP4lsMwWhRRA9Tux,https://api.spotify.com/v1/tracks/478CKqEP4lsMwWhRRA9Tux,https://api.spotify.com/v1/audio-analysis/478CKqEP4lsMwWhRRA9Tux,282800,4,恋のチカラ,
0.588,0.455,9,-6.633,1,0.0249,0.608,0,0.287,0.335,88.021,audio_features,6t1ueWdR3F4QFQJ4qAu275,spotify:track:6t1ueWdR3F4QFQJ4qAu275,https://api.spotify.com/v1/tracks/6t1ueWdR3F4QFQJ4qAu275,https://api.spotify.com/v1/audio-analysis/6t1ueWdR3F4QFQJ4qAu275,342480,4,レゾンデートルの鍵,
0.489,0.973,0,-5.277,1,0.134,0.0931,0,0.843,0.675,173.051,audio_features,58M8dkhh0r7NftXpt8QtRP,spotify:track:58M8dkhh0r7NftXpt8QtRP,https://api.spotify.com/v1/tracks/58M8dkhh0r7NftXpt8QtRP,https://api.spotify.com/v1/audio-analysis/58M8dkhh0r7NftXpt8QtRP,247280,4,めろ~んのテーマ~ゆかり王国国歌~,
0.684,0.612,1,-9.075,0,0.0306,0.525,0.000163,0.131,0.755,118.977,audio_features,0Xm4BDzgjQJHVu9poL4LQs,spotify:track:0Xm4BDzgjQJHVu9poL4LQs,https://api.spotify.com/v1/tracks/0Xm4BDzgjQJHVu9poL4LQs,https://api.spotify.com/v1/audio-analysis/0Xm4BDzgjQJHVu9poL4LQs,300400,4,恋歌姫 - 蜜月夜バージョン,
0.738,0.957,6,-7.709,0,0.0347,0.0872,6.59e-05,0.289,0.967,123.003,audio_features,6Ka2dk63qqap3ljzQsaXnv,spotify:track:6Ka2dk63qqap3ljzQsaXnv,https://api.spotify.com/v1/tracks/6Ka2dk63qqap3ljzQsaXnv,https://api.spotify.com/v1/audio-analysis/6Ka2dk63qqap3ljzQsaXnv,287667,4,Shooting Star,
0.588,0.726,8,-8.704,1,0.0288,0.254,2.23e-06,0.0492,0.548,149.983,audio_features,4CZZXjvHjIy1hi3o14F2Bu,spotify:track:4CZZXjvHjIy1hi3o14F2Bu,https://api.spotify.com/v1/tracks/4CZZXjvHjIy1hi3o14F2Bu,https://api.spotify.com/v1/audio-analysis/4CZZXjvHjIy1hi3o14F2Bu,318667,4,POWDER RAINBOW,
0.639,0.894,4,-5.833,1,0.0333,0.0336,1.34e-05,0.389,0.692,91.999,audio_features,1FHLFzarqdyAujVsyqzAUa,spotify:track:1FHLFzarqdyAujVsyqzAUa,https://api.spotify.com/v1/tracks/1FHLFzarqdyAujVsyqzAUa,https://api.spotify.com/v1/audio-analysis/1FHLFzarqdyAujVsyqzAUa,251000,4,fancy baby doll,
0.577,0.821,1,-4.366,1,0.0317,0.014,0.000114,0.289,0.706,167.977,audio_features,61TlySWFTBEjaeOFWlZ5Ny,spotify:track:61TlySWFTBEjaeOFWlZ5Ny,https://api.spotify.com/v1/tracks/61TlySWFTBEjaeOFWlZ5Ny,https://api.spotify.com/v1/audio-analysis/61TlySWFTBEjaeOFWlZ5Ny,269093,4,眠れぬ夜につかまえて,
0.456,0.995,6,-2.709,1,0.379,0.00884,0,0.42,0.466,171.959,audio_features,0jSBfTVN3YKcevLdFQ4fmP,spotify:track:0jSBfTVN3YKcevLdFQ4fmP,https://api.spotify.com/v1/tracks/0jSBfTVN3YKcevLdFQ4fmP,https://api.spotify.com/v1/audio-analysis/0jSBfTVN3YKcevLdFQ4fmP,255707,4,Fantastic future,
0.327,0.94,4,-3.196,1,0.161,0.00383,3.63e-05,0.33,0.597,179.001,audio_features,55A3OfoAYPmX5Vs1vaEueH,spotify:track:55A3OfoAYPmX5Vs1vaEueH,https://api.spotify.com/v1/tracks/55A3OfoAYPmX5Vs1vaEueH,https://api.spotify.com/v1/audio-analysis/55A3OfoAYPmX5Vs1vaEueH,229027,4,Cherry Kiss,
0.488,0.64,4,-7.186,1,0.0247,0.0439,0.000546,0.265,0.521,80.076,audio_features,0ll81zQFYZWOzLj2IGq9se,spotify:track:0ll81zQFYZWOzLj2IGq9se,https://api.spotify.com/v1/tracks/0ll81zQFYZWOzLj2IGq9se,https://api.spotify.com/v1/audio-analysis/0ll81zQFYZWOzLj2IGq9se,321013,4,My wish My love,
0.554,0.769,11,-4.991,0,0.0348,0.303,2.52e-06,0.141,0.74,110.158,audio_features,3cix0H8XySJDu6U3tK07Ca,spotify:track:3cix0H8XySJDu6U3tK07Ca,https://api.spotify.com/v1/tracks/3cix0H8XySJDu6U3tK07Ca,https://api.spotify.com/v1/audio-analysis/3cix0H8XySJDu6U3tK07Ca,209707,4,恋のアゲハ,
0.347,0.174,4,-15.346,0,0.0435,0.978,0.0328,0.0914,0.141,134.896,audio_features,1yLpmixiCCOCCq69Dci3Po,spotify:track:1yLpmixiCCOCCq69Dci3Po,https://api.spotify.com/v1/tracks/1yLpmixiCCOCCq69Dci3Po,https://api.spotify.com/v1/audio-analysis/1yLpmixiCCOCCq69Dci3Po,73973,3,コハクノウタ *祈り*,
0.241,0.238,10,-12.348,0,0.0358,0.909,0.344,0.176,0.222,103.037,audio_features,4RvzGiiF3nU3vsSi2ozXhE,spotify:track:4RvzGiiF3nU3vsSi2ozXhE,https://api.spotify.com/v1/tracks/4RvzGiiF3nU3vsSi2ozXhE,https://api.spotify.com/v1/audio-analysis/4RvzGiiF3nU3vsSi2ozXhE,47733,4,interlude II 〜milky way〜,
0.479,0.939,1,-3.415,1,0.0466,7.86e-05,0.000204,0.155,0.84,182.006,audio_features,0RTrLOV0zwuowMQIVJAYoP,spotify:track:0RTrLOV0zwuowMQIVJAYoP,https://api.spotify.com/v1/tracks/0RTrLOV0zwuowMQIVJAYoP,https://api.spotify.com/v1/audio-analysis/0RTrLOV0zwuowMQIVJAYoP,187573,4,純愛レッスン,
0.648,0.871,7,-6.268,1,0.0297,0.00199,0,0.08,0.798,136.941,audio_features,6SslBgLCmo4AcYlI3CP5XZ,spotify:track:6SslBgLCmo4AcYlI3CP5XZ,https://api.spotify.com/v1/tracks/6SslBgLCmo4AcYlI3CP5XZ,https://api.spotify.com/v1/audio-analysis/6SslBgLCmo4AcYlI3CP5XZ,250867,4,Amazing Kiss,
0.431,0.421,6,-8.422,0,0.0351,0.786,0,0.313,0.425,111.13,audio_features,7HSxfqq8LMs7wR5S6uaBNo,spotify:track:7HSxfqq8LMs7wR5S6uaBNo,https://api.spotify.com/v1/tracks/7HSxfqq8LMs7wR5S6uaBNo,https://api.spotify.com/v1/audio-analysis/7HSxfqq8LMs7wR5S6uaBNo,40667,4,interlude I 〜day's eye〜,
0.714,0.472,0,-11.74,1,0.14,0.0806,0.00759,0.319,0.354,170.001,audio_features,1K2fZnqmLAmSGfhfdiEdjJ,spotify:track:1K2fZnqmLAmSGfhfdiEdjJ,https://api.spotify.com/v1/tracks/1K2fZnqmLAmSGfhfdiEdjJ,https://api.spotify.com/v1/audio-analysis/1K2fZnqmLAmSGfhfdiEdjJ,221027,4,青空にあいたい,
0.55,0.921,8,-3.704,1,0.056,0.0259,0.058,0.306,0.885,172.099,audio_features,3SofPuoSoEyS4GGVVj912J,spotify:track:3SofPuoSoEyS4GGVVj912J,https://api.spotify.com/v1/tracks/3SofPuoSoEyS4GGVVj912J,https://api.spotify.com/v1/audio-analysis/3SofPuoSoEyS4GGVVj912J,242187,4,ラブラブベイビーハッピースター,
0.7,0.309,5,-9.271,1,0.031,0.841,2.68e-06,0.221,0.399,119.863,audio_features,1NwXszfKOQWrqxPaHmbgKU,spotify:track:1NwXszfKOQWrqxPaHmbgKU,https://api.spotify.com/v1/tracks/1NwXszfKOQWrqxPaHmbgKU,https://api.spotify.com/v1/audio-analysis/1NwXszfKOQWrqxPaHmbgKU,306867,4,上弦の月,
0.612,0.447,6,-7.832,1,0.0244,0.669,0.00014,0.0829,0.317,79.954,audio_features,53yGc9gGgef96mdNIwdQrN,spotify:track:53yGc9gGgef96mdNIwdQrN,https://api.spotify.com/v1/tracks/53yGc9gGgef96mdNIwdQrN,https://api.spotify.com/v1/audio-analysis/53yGc9gGgef96mdNIwdQrN,338693,4,心の扉,
0.637,0.591,5,-9.241,0,0.0374,0.326,0.000755,0.224,0.49,149.74,audio_features,3yEFxawmwx75rV7Rt5oUqY,spotify:track:3yEFxawmwx75rV7Rt5oUqY,https://api.spotify.com/v1/tracks/3yEFxawmwx75rV7Rt5oUqY,https://api.spotify.com/v1/audio-analysis/3yEFxawmwx75rV7Rt5oUqY,343160,4,les larmes de la lune,
0.593,0.99,2,-5.074,1,0.0796,0.0202,3.62e-05,0.0708,0.568,150.051,audio_features,7AH3m1IzXpYbRjzGJ9Szn8,spotify:track:7AH3m1IzXpYbRjzGJ9Szn8,https://api.spotify.com/v1/tracks/7AH3m1IzXpYbRjzGJ9Szn8,https://api.spotify.com/v1/audio-analysis/7AH3m1IzXpYbRjzGJ9Szn8,273867,4,summer melody,
0.663,0.686,10,-6.206,0,0.0319,0.309,0,0.137,0.783,126.006,audio_features,5z6WpXZ6jG1YxgNaLXW6Y6,spotify:track:5z6WpXZ6jG1YxgNaLXW6Y6,https://api.spotify.com/v1/tracks/5z6WpXZ6jG1YxgNaLXW6Y6,https://api.spotify.com/v1/audio-analysis/5z6WpXZ6jG1YxgNaLXW6Y6,246667,4,Tiny Rainbow,
0.592,0.916,1,-4.589,1,0.0498,0.000553,0.00014,0.275,0.574,117.994,audio_features,4ldAVV3zdQJJWGqGeK2PwB,spotify:track:4ldAVV3zdQJJWGqGeK2PwB,https://api.spotify.com/v1/tracks/4ldAVV3zdQJJWGqGeK2PwB,https://api.spotify.com/v1/audio-analysis/4ldAVV3zdQJJWGqGeK2PwB,234027,4,Heavenly Stars,
0.64,0.806,4,-3.439,1,0.0292,0.0345,0,0.144,0.704,94.996,audio_features,6RYTIhkv6hf7YNwc7wM8KY,spotify:track:6RYTIhkv6hf7YNwc7wM8KY,https://api.spotify.com/v1/tracks/6RYTIhkv6hf7YNwc7wM8KY,https://api.spotify.com/v1/audio-analysis/6RYTIhkv6hf7YNwc7wM8KY,254760,4,チェルシーガール,
0.673,0.58,0,-8.992,1,0.0312,0.0454,0.00646,0.343,0.678,91.015,audio_features,5IEimPy20jKciuBGJMQFao,spotify:track:5IEimPy20jKciuBGJMQFao,https://api.spotify.com/v1/tracks/5IEimPy20jKciuBGJMQFao,https://api.spotify.com/v1/audio-analysis/5IEimPy20jKciuBGJMQFao,243440,4,春色の風、今も・・・。,
0.685,0.953,3,-4.17,1,0.0511,0.178,5.58e-06,0.362,0.72,134.011,audio_features,3fov5E8WdC3T39ULPFQnAc,spotify:track:3fov5E8WdC3T39ULPFQnAc,https://api.spotify.com/v1/tracks/3fov5E8WdC3T39ULPFQnAc,https://api.spotify.com/v1/audio-analysis/3fov5E8WdC3T39ULPFQnAc,241093,4,Moonlight secret,
0.556,0.912,6,-4.014,0,0.0629,0.00954,2.69e-05,0.415,0.685,138.042,audio_features,5D25k4L7BlOWt0lVuf5COf,spotify:track:5D25k4L7BlOWt0lVuf5COf,https://api.spotify.com/v1/tracks/5D25k4L7BlOWt0lVuf5COf,https://api.spotify.com/v1/audio-analysis/5D25k4L7BlOWt0lVuf5COf,265907,4,Gratitude,
0.553,0.973,11,-3.136,0,0.0669,0.296,4.8e-06,0.194,0.821,159.991,audio_features,1iH48DzXCQ5U02LwIi95kX,spotify:track:1iH48DzXCQ5U02LwIi95kX,https://api.spotify.com/v1/tracks/1iH48DzXCQ5U02LwIi95kX,https://api.spotify.com/v1/audio-analysis/1iH48DzXCQ5U02LwIi95kX,243760,4,You & Me,
0.607,0.944,7,-5.618,1,0.0425,0.00295,0.000275,0.32,0.913,140.1,audio_features,4YaLdaOAlPaTCLeXuAVVV0,spotify:track:4YaLdaOAlPaTCLeXuAVVV0,https://api.spotify.com/v1/tracks/4YaLdaOAlPaTCLeXuAVVV0,https://api.spotify.com/v1/audio-analysis/4YaLdaOAlPaTCLeXuAVVV0,217920,4,アンドロメダまで1hour,
0.616,0.6,7,-6.026,1,0.024,0.28,2.4e-06,0.155,0.611,105.0,audio_features,36DlqH1nNeMoCMAzJxMP3X,spotify:track:36DlqH1nNeMoCMAzJxMP3X,https://api.spotify.com/v1/tracks/36DlqH1nNeMoCMAzJxMP3X,https://api.spotify.com/v1/audio-analysis/36DlqH1nNeMoCMAzJxMP3X,300507,3,涙のループ,
0.613,0.795,1,-5.218,1,0.091,0.223,0,0.206,0.769,106.088,audio_features,70TYMA0d9WTWgDsvucaFUH,spotify:track:70TYMA0d9WTWgDsvucaFUH,https://api.spotify.com/v1/tracks/70TYMA0d9WTWgDsvucaFUH,https://api.spotify.com/v1/audio-analysis/70TYMA0d9WTWgDsvucaFUH,247360,4,Love Sick,
0.713,0.791,9,-6.116,1,0.0648,0.208,2e-05,0.313,0.632,133.034,audio_features,53DmHRcYqtisMmEi8WsRdM,spotify:track:53DmHRcYqtisMmEi8WsRdM,https://api.spotify.com/v1/tracks/53DmHRcYqtisMmEi8WsRdM,https://api.spotify.com/v1/audio-analysis/53DmHRcYqtisMmEi8WsRdM,268440,4,A Day Of Little Girl ~姫とウサギとおしゃべりこねこ~,
0.511,0.936,5,-3.306,0,0.0355,0.00126,3.14e-05,0.222,0.723,91.514,audio_features,6cudHIqhU86nmXZIlAR4N5,spotify:track:6cudHIqhU86nmXZIlAR4N5,https://api.spotify.com/v1/tracks/6cudHIqhU86nmXZIlAR4N5,https://api.spotify.com/v1/audio-analysis/6cudHIqhU86nmXZIlAR4N5,215987,4,Super Special Smiling Shy girl,
0.503,0.205,0,-13.343,1,0.0429,0.962,1.83e-06,0.167,0.323,108.414,audio_features,1kjfxwPqokpjoLsAWQejGC,spotify:track:1kjfxwPqokpjoLsAWQejGC,https://api.spotify.com/v1/tracks/1kjfxwPqokpjoLsAWQejGC,https://api.spotify.com/v1/audio-analysis/1kjfxwPqokpjoLsAWQejGC,298840,4,うたかた,
0.641,0.981,5,-3.182,0,0.101,0.228,0,0.288,0.787,130.027,audio_features,7sOFYwvwfUtMFfRpNRc6QI,spotify:track:7sOFYwvwfUtMFfRpNRc6QI,https://api.spotify.com/v1/tracks/7sOFYwvwfUtMFfRpNRc6QI,https://api.spotify.com/v1/audio-analysis/7sOFYwvwfUtMFfRpNRc6QI,234507,4,プラチナLover's Day,
0.595,0.833,2,-4.594,1,0.0426,0.103,6.94e-05,0.229,0.574,128.004,audio_features,3kXO7dLaTrI6MXQ2AVjhx7,spotify:track:3kXO7dLaTrI6MXQ2AVjhx7,https://api.spotify.com/v1/tracks/3kXO7dLaTrI6MXQ2AVjhx7,https://api.spotify.com/v1/audio-analysis/3kXO7dLaTrI6MXQ2AVjhx7,270360,4,裸足のプリンセス,
0.3,0.868,1,-2.956,1,0.044,0.0344,0,0.14,0.535,79.614,audio_features,17qUKuu2wdlGpdN4HNiSEe,spotify:track:17qUKuu2wdlGpdN4HNiSEe,https://api.spotify.com/v1/tracks/17qUKuu2wdlGpdN4HNiSEe,https://api.spotify.com/v1/audio-analysis/17qUKuu2wdlGpdN4HNiSEe,244920,4,Shiawase Champion,
0.728,0.264,7,-12.492,0,0.0372,0.829,0,0.12,0.519,116.904,audio_features,6d1TAlk7Kcqvr2Mxq0CeCn,spotify:track:6d1TAlk7Kcqvr2Mxq0CeCn,https://api.spotify.com/v1/tracks/6d1TAlk7Kcqvr2Mxq0CeCn,https://api.spotify.com/v1/audio-analysis/6d1TAlk7Kcqvr2Mxq0CeCn,214000,3,追い風,
0.723,0.744,5,-8.198,0,0.0276,0.0248,0.000131,0.226,0.757,129.8,audio_features,6hPTzH8EqoQl3OmQi7XQO8,spotify:track:6hPTzH8EqoQl3OmQi7XQO8,https://api.spotify.com/v1/tracks/6hPTzH8EqoQl3OmQi7XQO8,https://api.spotify.com/v1/audio-analysis/6hPTzH8EqoQl3OmQi7XQO8,261600,4,あなただけに  〜It's only my Love〜,
0.652,0.83,5,-3.991,0,0.0382,0.0856,5.89e-05,0.296,0.933,97.428,audio_features,6pjadTE5pKfPu8dO0cAw5U,spotify:track:6pjadTE5pKfPu8dO0cAw5U,https://api.spotify.com/v1/tracks/6pjadTE5pKfPu8dO0cAw5U,https://api.spotify.com/v1/audio-analysis/6pjadTE5pKfPu8dO0cAw5U,222933,4,だって×2 ウキウキ,
0.442,0.891,6,-6.021,1,0.0418,0.0181,0.0725,0.102,0.928,179.942,audio_features,31c5UYZ4RpGYIMAV2m5x9F,spotify:track:31c5UYZ4RpGYIMAV2m5x9F,https://api.spotify.com/v1/tracks/31c5UYZ4RpGYIMAV2m5x9F,https://api.spotify.com/v1/audio-analysis/31c5UYZ4RpGYIMAV2m5x9F,206573,4,MERRY MERRY MERRY MENU・・・ね!,
0.551,0.109,2,-18.361,1,0.0388,0.995,0.717,0.0787,0.587,152.119,audio_features,5G0JhxQ0jrxkpvEJOXcwtR,spotify:track:5G0JhxQ0jrxkpvEJOXcwtR,https://api.spotify.com/v1/tracks/5G0JhxQ0jrxkpvEJOXcwtR,https://api.spotify.com/v1/audio-analysis/5G0JhxQ0jrxkpvEJOXcwtR,69000,4,Interlude 〜aqua〜,
0.6,0.599,7,-6.673,1,0.0254,0.0379,0.00215,0.109,0.295,79.97,audio_features,5vJ15KKTCrmfIj5zVzyJYO,spotify:track:5vJ15KKTCrmfIj5zVzyJYO,https://api.spotify.com/v1/tracks/5vJ15KKTCrmfIj5zVzyJYO,https://api.spotify.com/v1/audio-analysis/5vJ15KKTCrmfIj5zVzyJYO,242120,4,Papillon,
0.619,0.978,5,-1.675,1,0.0489,0.00744,0,0.139,0.826,97.502,audio_features,1A0nwXOhrMMjV22ogW9Nam,spotify:track:1A0nwXOhrMMjV22ogW9Nam,https://api.spotify.com/v1/tracks/1A0nwXOhrMMjV22ogW9Nam,https://api.spotify.com/v1/audio-analysis/1A0nwXOhrMMjV22ogW9Nam,221027,4,Pleasure treasure,
0.828,0.508,5,-11.339,0,0.0431,0.333,6.55e-05,0.103,0.741,104.99,audio_features,1sIz8GGyuTdNgI6s1pGWNI,spotify:track:1sIz8GGyuTdNgI6s1pGWNI,https://api.spotify.com/v1/tracks/1sIz8GGyuTdNgI6s1pGWNI,https://api.spotify.com/v1/audio-analysis/1sIz8GGyuTdNgI6s1pGWNI,260200,4,Sensitive Venus,
0.467,0.576,6,-8.673,1,0.027,0.00256,0.00134,0.195,0.519,76.001,audio_features,0zgSIExb3Gnq9Xb9IbKzs4,spotify:track:0zgSIExb3Gnq9Xb9IbKzs4,https://api.spotify.com/v1/tracks/0zgSIExb3Gnq9Xb9IbKzs4,https://api.spotify.com/v1/audio-analysis/0zgSIExb3Gnq9Xb9IbKzs4,265733,4,不可触な愛,
0.691,0.859,7,-5.947,1,0.0362,0.0598,3.59e-05,0.472,0.824,118.006,audio_features,703Gcmcc6YncAtRQZaKb7J,spotify:track:703Gcmcc6YncAtRQZaKb7J,https://api.spotify.com/v1/tracks/703Gcmcc6YncAtRQZaKb7J,https://api.spotify.com/v1/audio-analysis/703Gcmcc6YncAtRQZaKb7J,195653,4,Rainy Rainy Sunday,
0.401,0.949,8,-3.556,1,0.0987,0.0686,0,0.262,0.638,178.018,audio_features,2LWJyIOAGDYsEFeoRV1Y3a,spotify:track:2LWJyIOAGDYsEFeoRV1Y3a,https://api.spotify.com/v1/tracks/2LWJyIOAGDYsEFeoRV1Y3a,https://api.spotify.com/v1/audio-analysis/2LWJyIOAGDYsEFeoRV1Y3a,227560,4,Happy Life,
0.578,0.732,8,-6.965,1,0.0305,0.00936,0.00133,0.336,0.833,158.982,audio_features,7taXjojNBPTOSD4EO4Y86i,spotify:track:7taXjojNBPTOSD4EO4Y86i,https://api.spotify.com/v1/tracks/7taXjojNBPTOSD4EO4Y86i,https://api.spotify.com/v1/audio-analysis/7taXjojNBPTOSD4EO4Y86i,278773,4,Sugar Time Trip,
0.706,0.765,5,-8.226,0,0.0303,0.102,5.22e-05,0.069,0.821,136.018,audio_features,0nBICIqFshATXU5PKGhqj7,spotify:track:0nBICIqFshATXU5PKGhqj7,https://api.spotify.com/v1/tracks/0nBICIqFshATXU5PKGhqj7,https://api.spotify.com/v1/audio-analysis/0nBICIqFshATXU5PKGhqj7,311307,4,月のメロディー,
0.347,0.914,1,-3.052,1,0.0514,0.00124,5.54e-05,0.251,0.757,186.197,audio_features,6qZn2LHtM3DVZIpU9XMUNY,spotify:track:6qZn2LHtM3DVZIpU9XMUNY,https://api.spotify.com/v1/tracks/6qZn2LHtM3DVZIpU9XMUNY,https://api.spotify.com/v1/audio-analysis/6qZn2LHtM3DVZIpU9XMUNY,236600,4,あのね Love me Do,
0.747,0.737,0,-8.317,1,0.0262,0.552,0,0.0591,0.805,115.017,audio_features,60RS2ObWzEaLelV7ewlWU2,spotify:track:60RS2ObWzEaLelV7ewlWU2,https://api.spotify.com/v1/tracks/60RS2ObWzEaLelV7ewlWU2,https://api.spotify.com/v1/audio-analysis/60RS2ObWzEaLelV7ewlWU2,289973,4,miss you,
0.502,0.882,4,-5.865,1,0.0633,0.0186,0,0.321,0.803,191.878,audio_features,630ypPKuoMeqT6Z6vcFYdZ,spotify:track:630ypPKuoMeqT6Z6vcFYdZ,https://api.spotify.com/v1/tracks/630ypPKuoMeqT6Z6vcFYdZ,https://api.spotify.com/v1/audio-analysis/630ypPKuoMeqT6Z6vcFYdZ,202533,4,candy smile,
0.686,0.894,6,-4.58,1,0.0312,0.00902,0.00655,0.184,0.739,130.016,audio_features,6e03pTbf8RZszRnio0Ml9H,spotify:track:6e03pTbf8RZszRnio0Ml9H,https://api.spotify.com/v1/tracks/6e03pTbf8RZszRnio0Ml9H,https://api.spotify.com/v1/audio-analysis/6e03pTbf8RZszRnio0Ml9H,204800,4,I.N.G.,
0.511,0.711,0,-4.576,1,0.0268,0.282,0,0.274,0.535,109.825,audio_features,0NdJ5m3cGeCwO4eTDdcBgb,spotify:track:0NdJ5m3cGeCwO4eTDdcBgb,https://api.spotify.com/v1/tracks/0NdJ5m3cGeCwO4eTDdcBgb,https://api.spotify.com/v1/audio-analysis/0NdJ5m3cGeCwO4eTDdcBgb,316267,4,夢色ラビリンス,
0.461,0.861,5,-6.518,0,0.057,0.0126,0.000111,0.34,0.6,200.02,audio_features,49NOIhYG2dd3rm1Tsu4bIz,spotify:track:49NOIhYG2dd3rm1Tsu4bIz,https://api.spotify.com/v1/tracks/49NOIhYG2dd3rm1Tsu4bIz,https://api.spotify.com/v1/audio-analysis/49NOIhYG2dd3rm1Tsu4bIz,208960,4,Black cherry,
0.601,0.945,11,-5.079,0,0.0603,0.0019,0.00103,0.341,0.785,140.014,audio_features,52E0DWv0nZtx2uYHDROVwB,spotify:track:52E0DWv0nZtx2uYHDROVwB,https://api.spotify.com/v1/tracks/52E0DWv0nZtx2uYHDROVwB,https://api.spotify.com/v1/audio-analysis/52E0DWv0nZtx2uYHDROVwB,256427,4,エトランゼ,
0.664,0.94,0,-4.436,1,0.0356,0.00473,0.0665,0.0307,0.849,124.974,audio_features,3i3Szf5aSH4pEgIH37L0k6,spotify:track:3i3Szf5aSH4pEgIH37L0k6,https://api.spotify.com/v1/tracks/3i3Szf5aSH4pEgIH37L0k6,https://api.spotify.com/v1/audio-analysis/3i3Szf5aSH4pEgIH37L0k6,254880,4,アジュールの実,
0.638,0.931,5,-6.18,0,0.0351,0.0406,0.00012,0.0832,0.961,127.037,audio_features,0X1ArbHXV7cgx8UyQBcNAt,spotify:track:0X1ArbHXV7cgx8UyQBcNAt,https://api.spotify.com/v1/tracks/0X1ArbHXV7cgx8UyQBcNAt,https://api.spotify.com/v1/audio-analysis/0X1ArbHXV7cgx8UyQBcNAt,241640,4,ねぇ恋しちゃったかな,
0.642,0.691,5,-5.87,1,0.0305,0.365,0,0.0964,0.717,145.024,audio_features,18eyux8PykYXMaaMOvkudr,spotify:track:18eyux8PykYXMaaMOvkudr,https://api.spotify.com/v1/tracks/18eyux8PykYXMaaMOvkudr,https://api.spotify.com/v1/audio-analysis/18eyux8PykYXMaaMOvkudr,241200,4,Primary Tale,
0.514,0.701,6,-6.338,0,0.0242,0.0137,1.9e-06,0.276,0.33,168.003,audio_features,7jqbcpVGrXosWmYrbx627b,spotify:track:7jqbcpVGrXosWmYrbx627b,https://api.spotify.com/v1/tracks/7jqbcpVGrXosWmYrbx627b,https://api.spotify.com/v1/audio-analysis/7jqbcpVGrXosWmYrbx627b,263160,3,夢見月のアリス,
0.612,0.818,7,-7.018,1,0.0457,0.143,0.000116,0.282,0.626,108.975,audio_features,6BFpI29IkdneZrgJDUpOOo,spotify:track:6BFpI29IkdneZrgJDUpOOo,https://api.spotify.com/v1/tracks/6BFpI29IkdneZrgJDUpOOo,https://api.spotify.com/v1/audio-analysis/6BFpI29IkdneZrgJDUpOOo,259867,4,好き...でも リベンジ,
0.684,0.454,2,-9.731,1,0.0277,0.552,0.000511,0.0997,0.31,110.233,audio_features,3VRlA1KuG99G14bFfnUbAe,spotify:track:3VRlA1KuG99G14bFfnUbAe,https://api.spotify.com/v1/tracks/3VRlA1KuG99G14bFfnUbAe,https://api.spotify.com/v1/audio-analysis/3VRlA1KuG99G14bFfnUbAe,236160,3,フルーツ,
0.586,0.902,9,-7.87,0,0.0405,0.028,0.000123,0.116,0.69,136.004,audio_features,5VgxucuHCPDtuCKQG94c7F,spotify:track:5VgxucuHCPDtuCKQG94c7F,https://api.spotify.com/v1/tracks/5VgxucuHCPDtuCKQG94c7F,https://api.spotify.com/v1/audio-analysis/5VgxucuHCPDtuCKQG94c7F,309533,4,天使じゃなくても,
0.581,0.678,6,-6.108,1,0.0345,0.0228,0,0.139,0.534,132.96,audio_features,5ywJnxoOqYs2Od87IGVxx5,spotify:track:5ywJnxoOqYs2Od87IGVxx5,https://api.spotify.com/v1/tracks/5ywJnxoOqYs2Od87IGVxx5,https://api.spotify.com/v1/audio-analysis/5ywJnxoOqYs2Od87IGVxx5,209360,4,Spiritual Garden,
0.623,0.955,9,-5.983,1,0.0474,0.125,0.0041,0.371,0.752,119.988,audio_features,42kMU3pGTcdPie4jO9Ycvc,spotify:track:42kMU3pGTcdPie4jO9Ycvc,https://api.spotify.com/v1/tracks/42kMU3pGTcdPie4jO9Ycvc,https://api.spotify.com/v1/audio-analysis/42kMU3pGTcdPie4jO9Ycvc,256933,4,惑星のランデブー,
0.641,0.885,0,-6.56,1,0.0555,0.0477,0.00187,0.242,0.88,157.966,audio_features,19n5BhwiSyDCrvApWDQTrb,spotify:track:19n5BhwiSyDCrvApWDQTrb,https://api.spotify.com/v1/tracks/19n5BhwiSyDCrvApWDQTrb,https://api.spotify.com/v1/audio-analysis/19n5BhwiSyDCrvApWDQTrb,205200,4,ラブサイン,
0.701,0.881,1,-4.733,1,0.0377,0.0317,0.000826,0.486,0.732,117.973,audio_features,5w2dAbD88Phfhu8meiNXwu,spotify:track:5w2dAbD88Phfhu8meiNXwu,https://api.spotify.com/v1/tracks/5w2dAbD88Phfhu8meiNXwu,https://api.spotify.com/v1/audio-analysis/5w2dAbD88Phfhu8meiNXwu,268733,4,Sweet Darlin',
0.731,0.517,3,-8.383,0,0.0279,0.102,0,0.257,0.441,104.982,audio_features,7GwAGvgTvAOdCdqNvTXVpB,spotify:track:7GwAGvgTvAOdCdqNvTXVpB,https://api.spotify.com/v1/tracks/7GwAGvgTvAOdCdqNvTXVpB,https://api.spotify.com/v1/audio-analysis/7GwAGvgTvAOdCdqNvTXVpB,304400,3,永遠,
0.586,0.855,5,-4.659,1,0.0379,0.0765,0,0.19,0.862,169.812,audio_features,4NGdC9iFemmNZcrPcCaWTw,spotify:track:4NGdC9iFemmNZcrPcCaWTw,https://api.spotify.com/v1/tracks/4NGdC9iFemmNZcrPcCaWTw,https://api.spotify.com/v1/audio-analysis/4NGdC9iFemmNZcrPcCaWTw,260960,4,恋せよ女の子,
0.647,0.781,11,-6.719,0,0.0267,0.0811,2.81e-06,0.113,0.859,129.72,audio_features,42Eb4awdFfXH8YabnWrFYw,spotify:track:42Eb4awdFfXH8YabnWrFYw,https://api.spotify.com/v1/tracks/42Eb4awdFfXH8YabnWrFYw,https://api.spotify.com/v1/audio-analysis/42Eb4awdFfXH8YabnWrFYw,266400,4,さよならをおしえて,
0.675,0.908,1,-4.333,0,0.0329,0.017,2.14e-05,0.106,0.911,137.991,audio_features,7dxVT4uqAMLVJxz4AiOuxL,spotify:track:7dxVT4uqAMLVJxz4AiOuxL,https://api.spotify.com/v1/tracks/7dxVT4uqAMLVJxz4AiOuxL,https://api.spotify.com/v1/audio-analysis/7dxVT4uqAMLVJxz4AiOuxL,275667,4,Lovely Magic,
0.636,0.653,2,-7.988,1,0.031,0.0647,4.39e-06,0.482,0.268,126.895,audio_features,70qzUMb336qmJERw27C3Bx,spotify:track:70qzUMb336qmJERw27C3Bx,https://api.spotify.com/v1/tracks/70qzUMb336qmJERw27C3Bx,https://api.spotify.com/v1/audio-analysis/70qzUMb336qmJERw27C3Bx,291227,4,Traveling with a sheep,
0.612,0.891,1,-6.782,1,0.0327,0.00895,0.0584,0.0607,0.967,140.024,audio_features,5zxdoL8wR1wdd7c0NZDYo7,spotify:track:5zxdoL8wR1wdd7c0NZDYo7,https://api.spotify.com/v1/tracks/5zxdoL8wR1wdd7c0NZDYo7,https://api.spotify.com/v1/audio-analysis/5zxdoL8wR1wdd7c0NZDYo7,272800,4,Don't wake me ☆ Up,
0.618,0.909,8,-7.158,1,0.0344,0.039,0.000596,0.0708,0.586,112.024,audio_features,5dTli8PKSHfkNNFSD3q8Im,spotify:track:5dTli8PKSHfkNNFSD3q8Im,https://api.spotify.com/v1/tracks/5dTli8PKSHfkNNFSD3q8Im,https://api.spotify.com/v1/audio-analysis/5dTli8PKSHfkNNFSD3q8Im,300267,4,Snow bird,
0.545,0.386,1,-14.22,1,0.0398,0.901,0.846,0.125,0.644,99.986,audio_features,1trEZMqzwuCMzDeWdzEONB,spotify:track:1trEZMqzwuCMzDeWdzEONB,https://api.spotify.com/v1/tracks/1trEZMqzwuCMzDeWdzEONB,https://api.spotify.com/v1/audio-analysis/1trEZMqzwuCMzDeWdzEONB,43867,4,Overture ~Secret new moon~,
0.516,0.72,5,-4.649,1,0.0346,0.303,0,0.133,0.612,133.962,audio_features,766bILZHa3iW8M8kfbrEmf,spotify:track:766bILZHa3iW8M8kfbrEmf,https://api.spotify.com/v1/tracks/766bILZHa3iW8M8kfbrEmf,https://api.spotify.com/v1/audio-analysis/766bILZHa3iW8M8kfbrEmf,314040,4,星屑スパイラル,
0.582,0.854,0,-6.955,1,0.0302,0.00174,0.00127,0.0872,0.51,135.0,audio_features,6Yn0JftPziNpJE5JS7Dkdw,spotify:track:6Yn0JftPziNpJE5JS7Dkdw,https://api.spotify.com/v1/tracks/6Yn0JftPziNpJE5JS7Dkdw,https://api.spotify.com/v1/audio-analysis/6Yn0JftPziNpJE5JS7Dkdw,287973,4,Prince On A Star 〜Princess Whispers〜,
0.574,0.929,7,-6.373,1,0.0645,0.0596,0,0.115,0.719,161.026,audio_features,7cs4GJMwi63pXCzIWDyOaV,spotify:track:7cs4GJMwi63pXCzIWDyOaV,https://api.spotify.com/v1/tracks/7cs4GJMwi63pXCzIWDyOaV,https://api.spotify.com/v1/audio-analysis/7cs4GJMwi63pXCzIWDyOaV,239760,4,Princess Rose,
0.519,0.643,6,-8.077,0,0.0246,0.0113,0,0.24,0.335,168.016,audio_features,2SUKI1gZVRLP0MJx1blzs9,spotify:track:2SUKI1gZVRLP0MJx1blzs9,https://api.spotify.com/v1/tracks/2SUKI1gZVRLP0MJx1blzs9,https://api.spotify.com/v1/audio-analysis/2SUKI1gZVRLP0MJx1blzs9,262293,3,夢見月のアリス,
0.76,0.136,4,-11.696,1,0.103,0.932,0,0.13,0.566,99.134,audio_features,38ZZU8dMH7rl7gbt68YAYy,spotify:track:38ZZU8dMH7rl7gbt68YAYy,https://api.spotify.com/v1/tracks/38ZZU8dMH7rl7gbt68YAYy,https://api.spotify.com/v1/audio-analysis/38ZZU8dMH7rl7gbt68YAYy,36627,4,Overture 〜bloom〜,
0.648,0.209,1,-10.178,1,0.0334,0.942,4.84e-05,0.223,0.195,70.196,audio_features,5vQADSAln5smt9jB1UvpC7,spotify:track:5vQADSAln5smt9jB1UvpC7,https://api.spotify.com/v1/tracks/5vQADSAln5smt9jB1UvpC7,https://api.spotify.com/v1/audio-analysis/5vQADSAln5smt9jB1UvpC7,252533,3,you,
0.626,0.449,0,-9.956,1,0.0271,0.288,0.00177,0.351,0.528,165.993,audio_features,4VSFe3JGNOAgN6R6ER8lYi,spotify:track:4VSFe3JGNOAgN6R6ER8lYi,https://api.spotify.com/v1/tracks/4VSFe3JGNOAgN6R6ER8lYi,https://api.spotify.com/v1/audio-analysis/4VSFe3JGNOAgN6R6ER8lYi,310307,4,虹の奇跡,
0.364,0.835,8,-6.483,1,0.0568,0.0952,1.26e-06,0.134,0.466,174.077,audio_features,1IQYh3nGpM5Fyww1SEuSF5,spotify:track:1IQYh3nGpM5Fyww1SEuSF5,https://api.spotify.com/v1/tracks/1IQYh3nGpM5Fyww1SEuSF5,https://api.spotify.com/v1/audio-analysis/1IQYh3nGpM5Fyww1SEuSF5,288920,4,滑空の果てのイノセント,
0.605,0.947,8,-6.208,1,0.0534,0.0802,0.00264,0.358,0.901,144.992,audio_features,6W0Z4ccP3x4uAWOWedYSs3,spotify:track:6W0Z4ccP3x4uAWOWedYSs3,https://api.spotify.com/v1/tracks/6W0Z4ccP3x4uAWOWedYSs3,https://api.spotify.com/v1/audio-analysis/6W0Z4ccP3x4uAWOWedYSs3,246067,4,太陽のイヴ,
0.51,0.858,5,-6.882,0,0.0444,0.168,6.16e-06,0.0704,0.837,129.039,audio_features,2AOmSI6Y0Qt4KnvknmHDWZ,spotify:track:2AOmSI6Y0Qt4KnvknmHDWZ,https://api.spotify.com/v1/tracks/2AOmSI6Y0Qt4KnvknmHDWZ,https://api.spotify.com/v1/audio-analysis/2AOmSI6Y0Qt4KnvknmHDWZ,231613,4,咲かせて乙女,
0.709,0.743,5,-4.919,1,0.0355,0.00951,6.83e-05,0.197,0.839,128.002,audio_features,1Ke6c5olUOykCBCIHAZKCW,spotify:track:1Ke6c5olUOykCBCIHAZKCW,https://api.spotify.com/v1/tracks/1Ke6c5olUOykCBCIHAZKCW,https://api.spotify.com/v1/audio-analysis/1Ke6c5olUOykCBCIHAZKCW,266453,4,恋と夢と空時計,
0.717,0.807,2,-4.494,1,0.0337,0.126,3.61e-05,0.11,0.541,128.048,audio_features,6m4MtHd4rLZzpQtO1gl1xo,spotify:track:6m4MtHd4rLZzpQtO1gl1xo,https://api.spotify.com/v1/tracks/6m4MtHd4rLZzpQtO1gl1xo,https://api.spotify.com/v1/audio-analysis/6m4MtHd4rLZzpQtO1gl1xo,207320,4,キャンディスターにお願い,
0.685,0.832,9,-7.503,1,0.0387,0.143,2.7e-06,0.242,0.834,118.982,audio_features,46AghDeDvqySerRvLVWh4m,spotify:track:46AghDeDvqySerRvLVWh4m,https://api.spotify.com/v1/tracks/46AghDeDvqySerRvLVWh4m,https://api.spotify.com/v1/audio-analysis/46AghDeDvqySerRvLVWh4m,246707,4,ほんのり桜色,
0.706,0.698,4,-9.503,1,0.0384,0.0482,0.000145,0.0453,0.846,133.989,audio_features,2KuEgbr3gpAgaCnu7vhX1D,spotify:track:2KuEgbr3gpAgaCnu7vhX1D,https://api.spotify.com/v1/tracks/2KuEgbr3gpAgaCnu7vhX1D,https://api.spotify.com/v1/audio-analysis/2KuEgbr3gpAgaCnu7vhX1D,280760,4,まっすぐな心,
0.458,0.542,0,-5.626,1,0.0278,0.461,1.76e-05,0.367,0.283,143.964,audio_features,34lALyu0LtdJR6Vf643KJC,spotify:track:34lALyu0LtdJR6Vf643KJC,https://api.spotify.com/v1/tracks/34lALyu0LtdJR6Vf643KJC,https://api.spotify.com/v1/audio-analysis/34lALyu0LtdJR6Vf643KJC,269427,3,砂落ちる水の宮殿,
0.551,0.854,4,-3.029,0,0.0772,0.0834,0,0.319,0.527,106.999,audio_features,4UToWxxhZ1KGB4U5fIuAem,spotify:track:4UToWxxhZ1KGB4U5fIuAem,https://api.spotify.com/v1/tracks/4UToWxxhZ1KGB4U5fIuAem,https://api.spotify.com/v1/audio-analysis/4UToWxxhZ1KGB4U5fIuAem,215653,4,Luv Fanatic,
0.464,0.558,10,-5.537,0,0.038,0.0386,2.26e-05,0.137,0.292,160.041,audio_features,5zvLcTJncHAGTHqMVd6Mqk,spotify:track:5zvLcTJncHAGTHqMVd6Mqk,https://api.spotify.com/v1/tracks/5zvLcTJncHAGTHqMVd6Mqk,https://api.spotify.com/v1/audio-analysis/5zvLcTJncHAGTHqMVd6Mqk,252640,4,嘆きの丘,
0.644,0.841,7,-6.102,1,0.0313,0.0515,7.2e-05,0.0602,0.97,150.1,audio_features,7tWfb3QDTru8WXIOiFV5km,spotify:track:7tWfb3QDTru8WXIOiFV5km,https://api.spotify.com/v1/tracks/7tWfb3QDTru8WXIOiFV5km,https://api.spotify.com/v1/audio-analysis/7tWfb3QDTru8WXIOiFV5km,234867,4,アンジュ・パッセ,
0.592,0.755,7,-8.888,1,0.0358,0.233,0,0.204,0.539,123.991,audio_features,7KDuz9NojsFUANNYWCTPpE,spotify:track:7KDuz9NojsFUANNYWCTPpE,https://api.spotify.com/v1/tracks/7KDuz9NojsFUANNYWCTPpE,https://api.spotify.com/v1/audio-analysis/7KDuz9NojsFUANNYWCTPpE,269000,4,fantasia,
0.595,0.425,2,-9.95,1,0.027,0.689,1.68e-06,0.139,0.341,171.963,audio_features,6sDUCQdkwwANUsuPVXDLeL,spotify:track:6sDUCQdkwwANUsuPVXDLeL,https://api.spotify.com/v1/tracks/6sDUCQdkwwANUsuPVXDLeL,https://api.spotify.com/v1/audio-analysis/6sDUCQdkwwANUsuPVXDLeL,269533,4,宵待ちの花,
0.669,0.783,1,-6.761,0,0.0283,0.0241,0,0.332,0.884,131.933,audio_features,6W0RvkL04rO5GvnCNGAxty,spotify:track:6W0RvkL04rO5GvnCNGAxty,https://api.spotify.com/v1/tracks/6W0RvkL04rO5GvnCNGAxty,https://api.spotify.com/v1/audio-analysis/6W0RvkL04rO5GvnCNGAxty,244533,4,Little Wish 〜first step〜,
0.537,0.79,3,-5.773,0,0.077,0.0298,0,0.077,0.535,180.028,audio_features,4IzORvZQYYBfs7ECyZk8IQ,spotify:track:4IzORvZQYYBfs7ECyZk8IQ,https://api.spotify.com/v1/tracks/4IzORvZQYYBfs7ECyZk8IQ,https://api.spotify.com/v1/audio-analysis/4IzORvZQYYBfs7ECyZk8IQ,247573,4,きらら時間旅行,
0.75,0.535,5,-4.637,1,0.0285,0.381,7.98e-05,0.0963,0.532,125.098,audio_features,19Oc0QzRUi9ikKUXrswNN7,spotify:track:19Oc0QzRUi9ikKUXrswNN7,https://api.spotify.com/v1/tracks/19Oc0QzRUi9ikKUXrswNN7,https://api.spotify.com/v1/audio-analysis/19Oc0QzRUi9ikKUXrswNN7,228747,4,floral blue,
0.443,0.912,6,-3.433,1,0.0612,0.051,0,0.315,0.881,93.383,audio_features,2H5MGrLHQstPpw7MWNeaHJ,spotify:track:2H5MGrLHQstPpw7MWNeaHJ,https://api.spotify.com/v1/tracks/2H5MGrLHQstPpw7MWNeaHJ,https://api.spotify.com/v1/audio-analysis/2H5MGrLHQstPpw7MWNeaHJ,225493,4,もうちょっと Fall in Love,
0.362,0.928,5,-2.949,1,0.137,0.0166,0.000122,0.319,0.662,185.93,audio_features,0GjG1E80TzZsojnGALnowD,spotify:track:0GjG1E80TzZsojnGALnowD,https://api.spotify.com/v1/tracks/0GjG1E80TzZsojnGALnowD,https://api.spotify.com/v1/audio-analysis/0GjG1E80TzZsojnGALnowD,228813,4,パーティーは終わらない,
0.459,0.401,7,-7.739,1,0.0289,0.565,0,0.109,0.193,143.938,audio_features,58d8fIsw9EaiHuX5j4nWl4,spotify:track:58d8fIsw9EaiHuX5j4nWl4,https://api.spotify.com/v1/tracks/58d8fIsw9EaiHuX5j4nWl4,https://api.spotify.com/v1/audio-analysis/58d8fIsw9EaiHuX5j4nWl4,289600,4,ひとひらの恋,
0.477,0.928,2,-5.093,1,0.0412,0.00517,0.000548,0.0447,0.705,169.875,audio_features,0p8g7CdIzegAsfAybh3Cdb,spotify:track:0p8g7CdIzegAsfAybh3Cdb,https://api.spotify.com/v1/tracks/0p8g7CdIzegAsfAybh3Cdb,https://api.spotify.com/v1/audio-analysis/0p8g7CdIzegAsfAybh3Cdb,301240,4,Cutie Cutie,
0.597,0.956,9,-2.523,1,0.0606,0.00471,0.000176,0.324,0.838,125.617,audio_features,0ZFTDY1gO97FG0PwXXJg2i,spotify:track:0ZFTDY1gO97FG0PwXXJg2i,https://api.spotify.com/v1/tracks/0ZFTDY1gO97FG0PwXXJg2i,https://api.spotify.com/v1/audio-analysis/0ZFTDY1gO97FG0PwXXJg2i,227760,4,この指とまれ,
0.532,0.68,7,-4.105,1,0.0291,0.343,0,0.356,0.631,97.39,audio_features,4S4wMJ9FyxtlJ3erQOHJXY,spotify:track:4S4wMJ9FyxtlJ3erQOHJXY,https://api.spotify.com/v1/tracks/4S4wMJ9FyxtlJ3erQOHJXY,https://api.spotify.com/v1/audio-analysis/4S4wMJ9FyxtlJ3erQOHJXY,245133,4,Swing Heart,
0.509,0.785,1,-3.878,1,0.0336,0.0265,0,0.193,0.782,142.007,audio_features,5Aqw9A5MOMIdXkbfWgNdFB,spotify:track:5Aqw9A5MOMIdXkbfWgNdFB,https://api.spotify.com/v1/tracks/5Aqw9A5MOMIdXkbfWgNdFB,https://api.spotify.com/v1/audio-analysis/5Aqw9A5MOMIdXkbfWgNdFB,301733,4,バンビーノ・バンビーナ,
0.54,0.664,7,-7.245,1,0.0253,0.0516,0,0.198,0.547,91.974,audio_features,1jsWyw1Jx6mIfwJJuSHFSF,spotify:track:1jsWyw1Jx6mIfwJJuSHFSF,https://api.spotify.com/v1/tracks/1jsWyw1Jx6mIfwJJuSHFSF,https://api.spotify.com/v1/audio-analysis/1jsWyw1Jx6mIfwJJuSHFSF,333040,4,君をつれて,
0.578,0.937,11,-6.299,1,0.0357,0.00903,0.101,0.265,0.888,129.049,audio_features,7pq8L4JQvRGx176SN4cF14,spotify:track:7pq8L4JQvRGx176SN4cF14,https://api.spotify.com/v1/tracks/7pq8L4JQvRGx176SN4cF14,https://api.spotify.com/v1/audio-analysis/7pq8L4JQvRGx176SN4cF14,249267,4,君とLOVE,
0.721,0.851,0,-7.432,1,0.0319,0.0391,5.81e-05,0.368,0.803,133.988,audio_features,7rTLtOzvGHwYaKkdOtDpwV,spotify:track:7rTLtOzvGHwYaKkdOtDpwV,https://api.spotify.com/v1/tracks/7rTLtOzvGHwYaKkdOtDpwV,https://api.spotify.com/v1/audio-analysis/7rTLtOzvGHwYaKkdOtDpwV,281760,4,満月のセンシビリティー,
0.709,0.861,11,-6.33,0,0.0288,0.0124,0.134,0.0461,0.547,121.022,audio_features,1vovcj2rMHVP4Gst8LRnVs,spotify:track:1vovcj2rMHVP4Gst8LRnVs,https://api.spotify.com/v1/tracks/1vovcj2rMHVP4Gst8LRnVs,https://api.spotify.com/v1/audio-analysis/1vovcj2rMHVP4Gst8LRnVs,289760,4,Love parade,
0.69,0.404,7,-12.108,1,0.0395,0.879,0.00055,0.07,0.556,138.049,audio_features,3w6gkLOxauINu1An4vlbo1,spotify:track:3w6gkLOxauINu1An4vlbo1,https://api.spotify.com/v1/tracks/3w6gkLOxauINu1An4vlbo1,https://api.spotify.com/v1/audio-analysis/3w6gkLOxauINu1An4vlbo1,121400,4,エピローグ',
0.606,0.703,6,-7.462,1,0.0604,0.122,0,0.377,0.921,193.99,audio_features,5YBP0xfo3oKONI0r8sNUR9,spotify:track:5YBP0xfo3oKONI0r8sNUR9,https://api.spotify.com/v1/tracks/5YBP0xfo3oKONI0r8sNUR9,https://api.spotify.com/v1/audio-analysis/5YBP0xfo3oKONI0r8sNUR9,273733,4,虹色バルーン,
0.484,0.986,8,-2.583,1,0.146,0.00309,0,0.198,0.444,91.026,audio_features,1gCSZVUk9sYUiCVESAQvU7,spotify:track:1gCSZVUk9sYUiCVESAQvU7,https://api.spotify.com/v1/tracks/1gCSZVUk9sYUiCVESAQvU7,https://api.spotify.com/v1/audio-analysis/1gCSZVUk9sYUiCVESAQvU7,222147,4,エキセントリック・ラヴァー,
0.698,0.447,6,-9.349,1,0.0361,0.17,0.0156,0.109,0.498,80.017,audio_features,2gkOHZYCgFVLYIPavF8kih,spotify:track:2gkOHZYCgFVLYIPavF8kih,https://api.spotify.com/v1/tracks/2gkOHZYCgFVLYIPavF8kih,https://api.spotify.com/v1/audio-analysis/2gkOHZYCgFVLYIPavF8kih,245173,4,君へ,
0.624,0.829,5,-7.078,1,0.0282,0.0155,0.000843,0.284,0.682,134.002,audio_features,73p9Ba6Dkxca8HIMg5O5XU,spotify:track:73p9Ba6Dkxca8HIMg5O5XU,https://api.spotify.com/v1/tracks/73p9Ba6Dkxca8HIMg5O5XU,https://api.spotify.com/v1/audio-analysis/73p9Ba6Dkxca8HIMg5O5XU,332640,4,if,
0.724,0.862,1,-4.96,1,0.0268,0.0417,3.5e-05,0.0768,0.771,100.011,audio_features,46bSJUsydg9ApEOU2bDVve,spotify:track:46bSJUsydg9ApEOU2bDVve,https://api.spotify.com/v1/tracks/46bSJUsydg9ApEOU2bDVve,https://api.spotify.com/v1/audio-analysis/46bSJUsydg9ApEOU2bDVve,299907,4,ひとりあやとり,
0.673,0.658,3,-5.412,1,0.0258,0.174,0,0.269,0.675,96.436,audio_features,363PDvfq3bNlzIhddAza9N,spotify:track:363PDvfq3bNlzIhddAza9N,https://api.spotify.com/v1/tracks/363PDvfq3bNlzIhddAza9N,https://api.spotify.com/v1/audio-analysis/363PDvfq3bNlzIhddAza9N,259213,4,恋におちたペインター,
0.537,0.79,11,-4.913,1,0.0746,0.01,6.07e-06,0.18,0.701,164.998,audio_features,08mMsxaLDmUiW6w79mWVZK,spotify:track:08mMsxaLDmUiW6w79mWVZK,https://api.spotify.com/v1/tracks/08mMsxaLDmUiW6w79mWVZK,https://api.spotify.com/v1/audio-analysis/08mMsxaLDmUiW6w79mWVZK,220000,4,パピィラヴ,
0.227,0.444,0,-13.205,0,0.0369,0.639,1.26e-06,0.151,0.101,180.408,audio_features,5xN3OfiLJSHAk65LtYRQ6K,spotify:track:5xN3OfiLJSHAk65LtYRQ6K,https://api.spotify.com/v1/tracks/5xN3OfiLJSHAk65LtYRQ6K,https://api.spotify.com/v1/audio-analysis/5xN3OfiLJSHAk65LtYRQ6K,54933,4,コハクノウタ *目覚め*,
0.474,0.619,7,-4.356,1,0.0293,0.434,0,0.114,0.28,139.995,audio_features,56bgkkDDkxsKgHJhq9SXcJ,spotify:track:56bgkkDDkxsKgHJhq9SXcJ,https://api.spotify.com/v1/tracks/56bgkkDDkxsKgHJhq9SXcJ,https://api.spotify.com/v1/audio-analysis/56bgkkDDkxsKgHJhq9SXcJ,292640,4,Sympathy of Love,
0.521,0.842,7,-6.85,0,0.0338,0.0123,0.00891,0.31,0.693,101.891,audio_features,0Z6FFmzU0hn3HYKsF7yYly,spotify:track:0Z6FFmzU0hn3HYKsF7yYly,https://api.spotify.com/v1/tracks/0Z6FFmzU0hn3HYKsF7yYly,https://api.spotify.com/v1/audio-analysis/0Z6FFmzU0hn3HYKsF7yYly,279267,4,AMBER 〜人魚の涙〜,
0.632,0.808,2,-4.396,1,0.032,0.0516,0,0.141,0.669,146.041,audio_features,3t7AGkvzRhBx9GjIl9o8ft,spotify:track:3t7AGkvzRhBx9GjIl9o8ft,https://api.spotify.com/v1/tracks/3t7AGkvzRhBx9GjIl9o8ft,https://api.spotify.com/v1/audio-analysis/3t7AGkvzRhBx9GjIl9o8ft,275573,4,お気に召すまま,
0.632,0.766,9,-6.42,1,0.0279,0.0685,0,0.112,0.686,104.988,audio_features,2KbgdkdokMSTlzJKUnHn88,spotify:track:2KbgdkdokMSTlzJKUnHn88,https://api.spotify.com/v1/tracks/2KbgdkdokMSTlzJKUnHn88,https://api.spotify.com/v1/audio-analysis/2KbgdkdokMSTlzJKUnHn88,225573,4,真新しいカレンダー,
0.429,0.359,11,-9.363,1,0.0429,0.52,1.8e-05,0.0823,0.436,74.415,audio_features,02jgUinY8I94uI492VzSY3,spotify:track:02jgUinY8I94uI492VzSY3,https://api.spotify.com/v1/tracks/02jgUinY8I94uI492VzSY3,https://api.spotify.com/v1/audio-analysis/02jgUinY8I94uI492VzSY3,259800,4,こっちを向いて,
0.635,0.796,8,-7.398,1,0.0251,0.11,0.000409,0.0998,0.552,90.014,audio_features,3lXLd5plxcBJ6N17hsNRio,spotify:track:3lXLd5plxcBJ6N17hsNRio,https://api.spotify.com/v1/tracks/3lXLd5plxcBJ6N17hsNRio,https://api.spotify.com/v1/audio-analysis/3lXLd5plxcBJ6N17hsNRio,228133,4,お散歩しようよ,
0.341,0.945,10,-3.568,0,0.0703,0.0849,4.41e-06,0.0891,0.448,171.945,audio_features,3rVkOlD8cs2HmffxI0awrs,spotify:track:3rVkOlD8cs2HmffxI0awrs,https://api.spotify.com/v1/tracks/3rVkOlD8cs2HmffxI0awrs,https://api.spotify.com/v1/audio-analysis/3rVkOlD8cs2HmffxI0awrs,289493,4,Tomorrow,
0.599,0.448,7,-11.88,1,0.0318,0.761,8.91e-05,0.0984,0.578,138.392,audio_features,6uFQfiwEtfSMNqvlMzBQRP,spotify:track:6uFQfiwEtfSMNqvlMzBQRP,https://api.spotify.com/v1/tracks/6uFQfiwEtfSMNqvlMzBQRP,https://api.spotify.com/v1/audio-analysis/6uFQfiwEtfSMNqvlMzBQRP,106333,4,プロローグ 〜lalala・・・〜,
0.714,0.472,0,-11.74,1,0.14,0.0806,0.00759,0.319,0.354,170.001,audio_features,1K2fZnqmLAmSGfhfdiEdjJ,spotify:track:1K2fZnqmLAmSGfhfdiEdjJ,https://api.spotify.com/v1/tracks/1K2fZnqmLAmSGfhfdiEdjJ,https://api.spotify.com/v1/audio-analysis/1K2fZnqmLAmSGfhfdiEdjJ,221027,4,青空にあいたい,
0.564,0.918,6,-5.319,1,0.0391,0.0958,0,0.343,0.931,175.409,audio_features,7qYnieRNc5OksezqwCGUyx,spotify:track:7qYnieRNc5OksezqwCGUyx,https://api.spotify.com/v1/tracks/7qYnieRNc5OksezqwCGUyx,https://api.spotify.com/v1/audio-analysis/7qYnieRNc5OksezqwCGUyx,250307,4,恋するラズベリー,
0.514,0.881,5,-7.3,0,0.118,0.508,0.00343,0.188,0.687,127.929,audio_features,0alDB6i4GXXKNkKGXlkFAG,spotify:track:0alDB6i4GXXKNkKGXlkFAG,https://api.spotify.com/v1/tracks/0alDB6i4GXXKNkKGXlkFAG,https://api.spotify.com/v1/audio-analysis/0alDB6i4GXXKNkKGXlkFAG,289480,4,トラウマの耳たぶ,
0.683,0.772,5,-7.807,1,0.0318,0.00545,0.00309,0.133,0.649,126.953,audio_features,4RRBXa5N7tQ4HkpOlYTg5E,spotify:track:4RRBXa5N7tQ4HkpOlYTg5E,https://api.spotify.com/v1/tracks/4RRBXa5N7tQ4HkpOlYTg5E,https://api.spotify.com/v1/audio-analysis/4RRBXa5N7tQ4HkpOlYTg5E,258933,4,Baby's Breath,
0.606,0.938,8,-2.195,1,0.122,0.06,0,0.107,0.656,147.971,audio_features,37U6HVBZA2x6MXYgVbBbVf,spotify:track:37U6HVBZA2x6MXYgVbBbVf,https://api.spotify.com/v1/tracks/37U6HVBZA2x6MXYgVbBbVf,https://api.spotify.com/v1/audio-analysis/37U6HVBZA2x6MXYgVbBbVf,217024,4,Koi wa Explosion,
0.601,0.91,5,-6.245,1,0.0348,0.0302,1.67e-06,0.727,0.932,159.871,audio_features,6CdEJYVIjaFYzcmGE4kmJ8,spotify:track:6CdEJYVIjaFYzcmGE4kmJ8,https://api.spotify.com/v1/tracks/6CdEJYVIjaFYzcmGE4kmJ8,https://api.spotify.com/v1/audio-analysis/6CdEJYVIjaFYzcmGE4kmJ8,251533,4,Picnic,
0.395,0.87,1,-4.605,1,0.0463,0.0408,6.61e-05,0.306,0.392,170.021,audio_features,7FAybjaFgzJHNZHNe5D0Bw,spotify:track:7FAybjaFgzJHNZHNe5D0Bw,https://api.spotify.com/v1/tracks/7FAybjaFgzJHNZHNe5D0Bw,https://api.spotify.com/v1/audio-analysis/7FAybjaFgzJHNZHNe5D0Bw,262760,4,Sand Mark,
0.772,0.599,0,-9.864,1,0.0296,0.0625,0.0101,0.0948,0.726,119.985,audio_features,0JMEyz8P94AR5B5fBldrEZ,spotify:track:0JMEyz8P94AR5B5fBldrEZ,https://api.spotify.com/v1/tracks/0JMEyz8P94AR5B5fBldrEZ,https://api.spotify.com/v1/audio-analysis/0JMEyz8P94AR5B5fBldrEZ,281112,4,レリーフのひとかけら,
0.615,0.764,4,-7.142,1,0.029,0.0361,0,0.222,0.569,134.011,audio_features,3a4Uj0cPdm8msWgwthBDy0,spotify:track:3a4Uj0cPdm8msWgwthBDy0,https://api.spotify.com/v1/tracks/3a4Uj0cPdm8msWgwthBDy0,https://api.spotify.com/v1/audio-analysis/3a4Uj0cPdm8msWgwthBDy0,279933,4,デイジー・ブルー,
0.678,0.918,7,-4.159,1,0.0506,0.0109,0.000226,0.0823,0.766,113.024,audio_features,6cyVsg1tFrIXW0RVhlDMPh,spotify:track:6cyVsg1tFrIXW0RVhlDMPh,https://api.spotify.com/v1/tracks/6cyVsg1tFrIXW0RVhlDMPh,https://api.spotify.com/v1/audio-analysis/6cyVsg1tFrIXW0RVhlDMPh,252427,4,傷つく宝石,
0.456,0.907,0,-7.33,1,0.0507,0.0318,0.0037,0.367,0.553,183.853,audio_features,6MDuCmSdP00j47oEavVBwR,spotify:track:6MDuCmSdP00j47oEavVBwR,https://api.spotify.com/v1/tracks/6MDuCmSdP00j47oEavVBwR,https://api.spotify.com/v1/audio-analysis/6MDuCmSdP00j47oEavVBwR,216196,4,秘密の扉から会いにきて,
0.514,0.845,5,-6.886,1,0.047,0.00713,0.000388,0.0529,0.762,162.742,audio_features,7MVacodi44s6Z6NFp7pMF7,spotify:track:7MVacodi44s6Z6NFp7pMF7,https://api.spotify.com/v1/tracks/7MVacodi44s6Z6NFp7pMF7,https://api.spotify.com/v1/audio-analysis/7MVacodi44s6Z6NFp7pMF7,244827,4,Fortune of Love,
0.457,0.955,6,-5.855,1,0.0712,0.0101,0,0.381,0.601,96.5,audio_features,15teFxgJTXMrZIcpdPMerv,spotify:track:15teFxgJTXMrZIcpdPMerv,https://api.spotify.com/v1/tracks/15teFxgJTXMrZIcpdPMerv,https://api.spotify.com/v1/audio-analysis/15teFxgJTXMrZIcpdPMerv,226880,4,チアガール in my heart,
0.673,0.628,6,-8.794,1,0.0301,0.00584,2.39e-05,0.0783,0.489,136.956,audio_features,5KUeRYAPVu38bj2MWdqeZY,spotify:track:5KUeRYAPVu38bj2MWdqeZY,https://api.spotify.com/v1/tracks/5KUeRYAPVu38bj2MWdqeZY,https://api.spotify.com/v1/audio-analysis/5KUeRYAPVu38bj2MWdqeZY,231693,4,I DO 愛,
0.711,0.6,8,-7.999,0,0.0357,0.12,2.08e-05,0.269,0.373,129.988,audio_features,5fPQD52UGYljvi1catKjxl,spotify:track:5fPQD52UGYljvi1catKjxl,https://api.spotify.com/v1/tracks/5fPQD52UGYljvi1catKjxl,https://api.spotify.com/v1/audio-analysis/5fPQD52UGYljvi1catKjxl,304667,4,雨音はモノクローム,
0.543,0.633,7,-4.253,1,0.0293,0.346,0,0.091,0.405,159.893,audio_features,0khnus7753U1i2f37sj9H7,spotify:track:0khnus7753U1i2f37sj9H7,https://api.spotify.com/v1/tracks/0khnus7753U1i2f37sj9H7,https://api.spotify.com/v1/audio-analysis/0khnus7753U1i2f37sj9H7,307280,4,雨のパンセ,
0.71,0.854,5,-6.751,0,0.0355,0.0175,0.00874,0.3,0.794,126.965,audio_features,1qHzXd8IwIFfl9Hmr3gApP,spotify:track:1qHzXd8IwIFfl9Hmr3gApP,https://api.spotify.com/v1/tracks/1qHzXd8IwIFfl9Hmr3gApP,https://api.spotify.com/v1/audio-analysis/1qHzXd8IwIFfl9Hmr3gApP,272733,4,Baby blue sky,
0.67,0.805,6,-4.101,1,0.0323,0.105,0,0.147,0.801,110.071,audio_features,7MMVWgYq8DBSx60xQ1i9yd,spotify:track:7MMVWgYq8DBSx60xQ1i9yd,https://api.spotify.com/v1/tracks/7MMVWgYq8DBSx60xQ1i9yd,https://api.spotify.com/v1/audio-analysis/7MMVWgYq8DBSx60xQ1i9yd,260587,4,Goody & Happy,
0.225,0.0841,10,-16.738,1,0.0321,0.775,0.000836,0.0711,0.19,62.313,audio_features,4gIG8bcSMb4bs4ELgftDtj,spotify:track:4gIG8bcSMb4bs4ELgftDtj,https://api.spotify.com/v1/tracks/4gIG8bcSMb4bs4ELgftDtj,https://api.spotify.com/v1/audio-analysis/4gIG8bcSMb4bs4ELgftDtj,31533,4,Interlude ~moonlight flower~,
0.664,0.934,4,-6.392,0,0.0686,0.217,4.42e-06,0.126,0.761,104.933,audio_features,2CNeRmZgp72q5TTs3j4who,spotify:track:2CNeRmZgp72q5TTs3j4who,https://api.spotify.com/v1/tracks/2CNeRmZgp72q5TTs3j4who,https://api.spotify.com/v1/audio-analysis/2CNeRmZgp72q5TTs3j4who,241507,4,薔薇のロマンセ 月のセレーネ,
0.528,0.661,10,-6.5,0,0.0335,0.311,2.69e-05,0.218,0.658,144.89,audio_features,3VOfYbpaq90d6w4azLRt4o,spotify:track:3VOfYbpaq90d6w4azLRt4o,https://api.spotify.com/v1/tracks/3VOfYbpaq90d6w4azLRt4o,https://api.spotify.com/v1/audio-analysis/3VOfYbpaq90d6w4azLRt4o,273933,4,星降る夢で逢いましょう,
0.677,0.696,0,-7.459,1,0.0263,0.0223,2.44e-06,0.18,0.819,133.98,audio_features,1ZeYWQRGDAxOXeKQJipQwj,spotify:track:1ZeYWQRGDAxOXeKQJipQwj,https://api.spotify.com/v1/tracks/1ZeYWQRGDAxOXeKQJipQwj,https://api.spotify.com/v1/audio-analysis/1ZeYWQRGDAxOXeKQJipQwj,223800,4,Ever-Never-Land,
0.629,0.956,5,-8.478,1,0.037,0.00613,0.377,0.0982,0.474,140.016,audio_features,1EwadpshAldohZfDmGtpzO,spotify:track:1EwadpshAldohZfDmGtpzO,https://api.spotify.com/v1/tracks/1EwadpshAldohZfDmGtpzO,https://api.spotify.com/v1/audio-analysis/1EwadpshAldohZfDmGtpzO,270973,4,スマイル スマイル,
0.607,0.874,4,-4.646,1,0.0412,0.062,6.25e-05,0.0726,0.763,129.975,audio_features,4qtI4FlBjnZ8LHIfPiyXxX,spotify:track:4qtI4FlBjnZ8LHIfPiyXxX,https://api.spotify.com/v1/tracks/4qtI4FlBjnZ8LHIfPiyXxX,https://api.spotify.com/v1/audio-analysis/4qtI4FlBjnZ8LHIfPiyXxX,270973,4,大好きと涙,
0.659,0.296,1,-12.732,0,0.0333,0.493,0.0624,0.0885,0.808,171.935,audio_features,21SLc2yTc8Eo6Xvi4udAgz,spotify:track:21SLc2yTc8Eo6Xvi4udAgz,https://api.spotify.com/v1/tracks/21SLc2yTc8Eo6Xvi4udAgz,https://api.spotify.com/v1/audio-analysis/21SLc2yTc8Eo6Xvi4udAgz,275200,4,月華,
0.735,0.61,0,-8.258,0,0.0524,0.119,8.77e-06,0.0588,0.827,126.011,audio_features,3InNAUctK87R8tg6JgI9VA,spotify:track:3InNAUctK87R8tg6JgI9VA,https://api.spotify.com/v1/tracks/3InNAUctK87R8tg6JgI9VA,https://api.spotify.com/v1/audio-analysis/3InNAUctK87R8tg6JgI9VA,271333,4,Luminous Party,
0.642,0.727,9,-4.44,1,0.031,0.139,1.1e-06,0.295,0.618,102.985,audio_features,1z3UJhV9ShJ3mSZ4KQtetV,spotify:track:1z3UJhV9ShJ3mSZ4KQtetV,https://api.spotify.com/v1/tracks/1z3UJhV9ShJ3mSZ4KQtetV,https://api.spotify.com/v1/audio-analysis/1z3UJhV9ShJ3mSZ4KQtetV,257973,4,恋は波のように,
0.516,0.315,3,-12.849,1,0.0425,0.469,2.78e-05,0.132,0.145,99.978,audio_features,3NBqEHiPXswYtYF2O8gkUc,spotify:track:3NBqEHiPXswYtYF2O8gkUc,https://api.spotify.com/v1/tracks/3NBqEHiPXswYtYF2O8gkUc,https://api.spotify.com/v1/audio-analysis/3NBqEHiPXswYtYF2O8gkUc,359467,3,優しい夜に。,
0.495,0.479,0,-10.273,0,0.0261,0.741,5.52e-06,0.107,0.357,153.9,audio_features,2rMKPEwzcIxQ9fNXeMvNi8,spotify:track:2rMKPEwzcIxQ9fNXeMvNi8,https://api.spotify.com/v1/tracks/2rMKPEwzcIxQ9fNXeMvNi8,https://api.spotify.com/v1/audio-analysis/2rMKPEwzcIxQ9fNXeMvNi8,335027,4,最果ての森,
0.533,0.903,4,-5.123,1,0.104,0.00343,0,0.894,0.7,137.975,audio_features,0VklTGBk6oBjm7l7PNihy3,spotify:track:0VklTGBk6oBjm7l7PNihy3,https://api.spotify.com/v1/tracks/0VklTGBk6oBjm7l7PNihy3,https://api.spotify.com/v1/audio-analysis/0VklTGBk6oBjm7l7PNihy3,279000,4,mon cheri,
0.497,0.981,3,-6.645,1,0.0494,0.012,0,0.273,0.662,174.025,audio_features,0XqCxidZ1JX6nFqPYUKH3A,spotify:track:0XqCxidZ1JX6nFqPYUKH3A,https://api.spotify.com/v1/tracks/0XqCxidZ1JX6nFqPYUKH3A,https://api.spotify.com/v1/audio-analysis/0XqCxidZ1JX6nFqPYUKH3A,244107,4,エアシューター,
0.554,0.783,6,-4.63,1,0.0351,0.562,6.65e-06,0.12,0.571,161.873,audio_features,3vKkvZ7Z85ej84NS50ithK,spotify:track:3vKkvZ7Z85ej84NS50ithK,https://api.spotify.com/v1/tracks/3vKkvZ7Z85ej84NS50ithK,https://api.spotify.com/v1/audio-analysis/3vKkvZ7Z85ej84NS50ithK,293000,4,片想いルーレット,
0.558,0.647,5,-8.1,1,0.0399,0.0393,0,0.344,0.493,183.641,audio_features,5m8qsgrl4gN7mWMgznnpHp,spotify:track:5m8qsgrl4gN7mWMgznnpHp,https://api.spotify.com/v1/tracks/5m8qsgrl4gN7mWMgznnpHp,https://api.spotify.com/v1/audio-analysis/5m8qsgrl4gN7mWMgznnpHp,281373,4,Eternity,
0.622,0.467,9,-9.899,1,0.0319,0.653,2.12e-05,0.073,0.186,124.784,audio_features,207hn6wROJJlIdwWJwqbP4,spotify:track:207hn6wROJJlIdwWJwqbP4,https://api.spotify.com/v1/tracks/207hn6wROJJlIdwWJwqbP4,https://api.spotify.com/v1/audio-analysis/207hn6wROJJlIdwWJwqbP4,260227,4,あの夏を忘れない,
0.524,0.526,8,-5.422,0,0.0288,0.52,1.41e-06,0.283,0.463,88.877,audio_features,7B4762N2BUgfcOQUxRVgB8,spotify:track:7B4762N2BUgfcOQUxRVgB8,https://api.spotify.com/v1/tracks/7B4762N2BUgfcOQUxRVgB8,https://api.spotify.com/v1/audio-analysis/7B4762N2BUgfcOQUxRVgB8,248440,4,Petite lumiere,
0.577,0.555,1,-6.223,0,0.0282,0.0725,4.32e-06,0.371,0.589,102.041,audio_features,0YfPiPy23mr4bJ6IdaHyV1,spotify:track:0YfPiPy23mr4bJ6IdaHyV1,https://api.spotify.com/v1/tracks/0YfPiPy23mr4bJ6IdaHyV1,https://api.spotify.com/v1/audio-analysis/0YfPiPy23mr4bJ6IdaHyV1,222280,4,神聖炉,
0.52,0.913,7,-3.193,1,0.0371,0.0299,0,0.311,0.812,180.048,audio_features,4fQ9SARGmTFM6mZULs2A4k,spotify:track:4fQ9SARGmTFM6mZULs2A4k,https://api.spotify.com/v1/tracks/4fQ9SARGmTFM6mZULs2A4k,https://api.spotify.com/v1/audio-analysis/4fQ9SARGmTFM6mZULs2A4k,224253,4,LOVE ME NOW !,
0.684,0.904,9,-7.368,0,0.0301,0.0155,0.000151,0.297,0.786,131.942,audio_features,6dLG77z2VA9NM3SaZFMOuz,spotify:track:6dLG77z2VA9NM3SaZFMOuz,https://api.spotify.com/v1/tracks/6dLG77z2VA9NM3SaZFMOuz,https://api.spotify.com/v1/audio-analysis/6dLG77z2VA9NM3SaZFMOuz,240200,4,Fallin' into you,
0.429,0.906,0,-4.335,0,0.145,0.181,0.017,0.125,0.521,199.875,audio_features,4DJs62RLMN1cyjPn2gyMOF,spotify:track:4DJs62RLMN1cyjPn2gyMOF,https://api.spotify.com/v1/tracks/4DJs62RLMN1cyjPn2gyMOF,https://api.spotify.com/v1/audio-analysis/4DJs62RLMN1cyjPn2gyMOF,320600,4,片方だけのイヤリング,
0.548,0.854,8,-5.161,1,0.0359,0.00458,1.11e-06,0.348,0.682,160.108,audio_features,3HMsVIr1kfFyaSb2GwunSe,spotify:track:3HMsVIr1kfFyaSb2GwunSe,https://api.spotify.com/v1/tracks/3HMsVIr1kfFyaSb2GwunSe,https://api.spotify.com/v1/audio-analysis/3HMsVIr1kfFyaSb2GwunSe,271520,4,ラブリィ レクチャー,
0.752,0.186,11,-13.363,1,0.0366,0.823,1.99e-06,0.0969,0.316,109.946,audio_features,1pUwEGgO6fb35siToebys2,spotify:track:1pUwEGgO6fb35siToebys2,https://api.spotify.com/v1/tracks/1pUwEGgO6fb35siToebys2,https://api.spotify.com/v1/audio-analysis/1pUwEGgO6fb35siToebys2,285200,3,Jelly Fish,
0.55,0.917,8,-6.315,1,0.0565,0.056,0.000185,0.269,0.89,91.464,audio_features,3BJyEpeaeSDTwlfUbGpvQr,spotify:track:3BJyEpeaeSDTwlfUbGpvQr,https://api.spotify.com/v1/tracks/3BJyEpeaeSDTwlfUbGpvQr,https://api.spotify.com/v1/audio-analysis/3BJyEpeaeSDTwlfUbGpvQr,245560,4,アイ マイ ボーダー,
0.593,0.99,2,-5.074,1,0.0796,0.0202,3.62e-05,0.0708,0.568,150.051,audio_features,7AH3m1IzXpYbRjzGJ9Szn8,spotify:track:7AH3m1IzXpYbRjzGJ9Szn8,https://api.spotify.com/v1/tracks/7AH3m1IzXpYbRjzGJ9Szn8,https://api.spotify.com/v1/audio-analysis/7AH3m1IzXpYbRjzGJ9Szn8,273867,4,summer melody,
0.771,0.639,5,-7.343,1,0.0278,0.563,0,0.241,0.628,121.94,audio_features,2w9dGb7cPDneIuMBIQvSVV,spotify:track:2w9dGb7cPDneIuMBIQvSVV,https://api.spotify.com/v1/tracks/2w9dGb7cPDneIuMBIQvSVV,https://api.spotify.com/v1/audio-analysis/2w9dGb7cPDneIuMBIQvSVV,275893,4,わがままな I LOVE YOU,
0.743,0.939,11,-6.413,1,0.0312,0.175,0.000114,0.363,0.966,131.999,audio_features,4TbsobgMzRPMdLhpRZojSo,spotify:track:4TbsobgMzRPMdLhpRZojSo,https://api.spotify.com/v1/tracks/4TbsobgMzRPMdLhpRZojSo,https://api.spotify.com/v1/audio-analysis/4TbsobgMzRPMdLhpRZojSo,252493,4,天使のお仕事,
0.705,0.887,8,-4.458,1,0.0696,0.05,0,0.285,0.757,134.977,audio_features,3Rxza9PTGK5nmSGEzRYEZk,spotify:track:3Rxza9PTGK5nmSGEzRYEZk,https://api.spotify.com/v1/tracks/3Rxza9PTGK5nmSGEzRYEZk,https://api.spotify.com/v1/audio-analysis/3Rxza9PTGK5nmSGEzRYEZk,210227,4,100 CARAT HEART,
0.476,0.92,11,-4.438,1,0.0411,0.00101,2.1e-05,0.0899,0.556,166.982,audio_features,5uzPissO868zhVEQ75fNzX,spotify:track:5uzPissO868zhVEQ75fNzX,https://api.spotify.com/v1/tracks/5uzPissO868zhVEQ75fNzX,https://api.spotify.com/v1/audio-analysis/5uzPissO868zhVEQ75fNzX,209400,4,Honey Moon,
0.629,0.907,6,-3.38,1,0.0533,0.0215,0.000804,0.0909,0.84,124.901,audio_features,0Fgr7gCY4ZWnKjPy7F296T,spotify:track:0Fgr7gCY4ZWnKjPy7F296T,https://api.spotify.com/v1/tracks/0Fgr7gCY4ZWnKjPy7F296T,https://api.spotify.com/v1/audio-analysis/0Fgr7gCY4ZWnKjPy7F296T,213493,4,ナルシスが嘘をつく,
